Scenario;Range;FOD;day;targetTestId
9;2;WholeRooms;1;21
11;2;WholeRooms;1;22
1;2;WholeRooms;1;23
3;2;WholeRooms;1;24
10;2;WholeRooms;1;25
17;2;WholeRooms;1;26
18;2;WholeRooms;1;27
14;2;WholeRooms;1;28
20;2;WholeRooms;1;29
19;2;WholeRooms;1;30
4;2;WholeRooms;1;31
13;2;WholeRooms;1;32
6;2;WholeRooms;1;33
5;2;WholeRooms;1;34
16;2;WholeRooms;1;35
7;2;WholeRooms;1;36
2;2;WholeRooms;1;37
15;2;WholeRooms;1;38
12;2;WholeRooms;1;39
8;2;WholeRooms;1;40
5;3;WholeRooms;1;41
2;3;WholeRooms;1;42
16;3;WholeRooms;1;43
6;3;WholeRooms;1;44
14;3;WholeRooms;1;45
20;3;WholeRooms;1;46
13;3;WholeRooms;1;47
19;3;WholeRooms;1;48
7;3;WholeRooms;1;49
15;3;WholeRooms;1;50
4;3;WholeRooms;1;51
12;3;WholeRooms;1;52
11;3;WholeRooms;1;53
17;3;WholeRooms;1;54
1;3;WholeRooms;1;55
18;3;WholeRooms;1;56
8;3;WholeRooms;1;57
10;3;WholeRooms;1;58
3;3;WholeRooms;1;59
9;3;WholeRooms;1;60
